{"R": [[1.0890998989916354], [2.5172012639946733], [-0.8452495044215251]], "T": [[-0.016788995687316167], [-0.02269247299737612], [0.5454465438837742]]}