{"R": [[2.614833277418142], [-0.026669213558675804], [-0.01769147496035694]], "T": [[-0.001077263937284312], [-0.015886005467183863], [0.5365514015146118]]}