{"R": [[1.0605210499895859], [-2.5351740094307447], [0.9169399036537441]], "T": [[-0.0030656937101139854], [-0.022204248661934205], [0.5282896793079157]]}