{"camera_matrix": [[589.607902244274, 0.0, 366.49661815699994], [0.0, 590.1790734214388, 297.98736394590526], [0.0, 0.0, 1.0]], "dist_coeffs": [[-0.2489693848298703], [0.13435384837763378], [0.0003204379158765275], [-0.00036140843150739765], [-0.06579839150308762]], "error": 0.3882702481805951}